
INSERT INTO public.categoria (id, nome) VALUES (1, 'Bairro');
INSERT INTO public.categoria (id, nome) VALUES (2, 'Quarteirão');
INSERT INTO public.categoria (id, nome) VALUES (3, 'Quadra');

INSERT INTO public.fonte_dado (id, descricao) VALUES (1, 'Codigo');
INSERT INTO public.fonte_dado (id, descricao) VALUES (2, 'Código IBGE');



INSERT INTO public.formulario (id, descricao, surveyjs, titulo, versao) VALUES (1, 'formulario de reconhecimento geografico.', '{"pages": [{"name": "Reconhecimento Geografico", "title": "Reconhecimento Geográfico", "elements": [{"name": "question1", "type": "text", "title": "Quantidade de Habitantes"}, {"name": "question2", "type": "text", "title": "Quantidade de Famílias"}, {"name": "question3", "type": "text", "title": "Numero de Armadilhas instaladas"}, {"name": "question5", "type": "text", "title": "Numero de Caixas dagua desprotegidas"}, {"name": "question4", "type": "text", "title": "Outros depositos desprotegidos"}]}]}', 'Reconhecimento Geográfico', '1');


INSERT INTO public.imovel (id, cep, complemento, lado_quarteirao, logradouro, num_quarteirao, numero, poligono, ponto_estrategico, sequencia, territorio_id, tipo_imovel_id) VALUES (72, '69027680', '', '2', 'Rua Terezinha', '1', '44', '01030000000100000006000000008059AC93044EC00000007125F608C00080991F95044EC0000000495CF608C00080B99595044EC00000006978F608C00080B96B92044EC0000000B784F608C00080F9C291044EC00000003534F608C0008059AC93044EC00000007125F608C0', '', '1', 71, 2);
INSERT INTO public.imovel (id, cep, complemento, lado_quarteirao, logradouro, num_quarteirao, numero, poligono, ponto_estrategico, sequencia, territorio_id, tipo_imovel_id) VALUES (73, '69027680', '', '2', 'Rua Santa Terezinha', '1', '45', '010300000001000000050000000180F9A392044EC00000007DA0F608C00180793E96044EC00000007B93F608C0018019BD95044EC00000000177F608C00180597192044EC00000005D84F608C00180F9A392044EC00000007DA0F608C0', '', '2', 71, 1);



INSERT INTO public.item_lista (imovel_id, lista_id, reconhecimento_id) VALUES (72, 74, 78);
INSERT INTO public.item_lista (imovel_id, lista_id, reconhecimento_id) VALUES (73, 74, 79);

INSERT INTO public.lista_de_trabalho (id, descricao, nome) VALUES (74, 'Lista de trabalho da equipe 15 sobre os pontos estratégicos do bairro da gloria.', 'Equipe 15, dia 5 de Agosto');

INSERT INTO public.reconhecimento_geografico (id, conteudo, created_at, titulo, formulario_id) VALUES (76, NULL, '2019-08-05 11:03:35.372', 'Reconhecimento Geografico', 1);
INSERT INTO public.reconhecimento_geografico (id, conteudo, created_at, titulo, formulario_id) VALUES (78, '{"question1": "4", "question2": "1", "question3": "0", "question4": "0", "question5": "1"}', '2019-08-06 09:02:10.806', 'Reconhecimento Geografico', 1);
INSERT INTO public.reconhecimento_geografico (id, conteudo, created_at, titulo, formulario_id) VALUES (79, '{"question1": "5", "question2": "2", "question3": "0", "question4": "1", "question5": "0"}', '2019-08-06 09:02:14.507', 'Reconhecimento Geografico', 1);



INSERT INTO public.territorio (id, altitude, cep, codigo, croqui, nome, poligono, sigla, status, zona, categoria_id, fonte_dado_id, territorio_pai_id) VALUES (68, '1', '69080121', '2', '', 'Quarteirão 1', '010300000001000000140000000100E6525FFE4DC00100003C27C008C00100E62055FE4DC0010000FC94BF08C00100E6184EFE4DC00100000C49BF08C00100E6DD4CFE4DC00100004C27BF08C0010066B054FE4DC0010000ACABBC08C00000667D5AFE4DC0000000F4FBBA08C00000663C5FFE4DC000000004A2B908C00000CC3E60FE4DC0000000E818B908C00000667463FE4DC0000000AC81B908C00000E6656AFE4DC0000000CCABBA08C00000CCC470FE4DC0000000E8BBBB08C00100E6D275FE4DC00100009C70BC08C00100667E77FE4DC001000044D7BC08C00000E64878FE4DC00000000426BD08C00000CC2678FE4DC0000000E8AABD08C00000CC5675FE4DC00000006848BE08C00000667670FE4DC0000000D417BF08C0000066796DFE4DC0000000FC67BF08C00000E61C68FE4DC00000009CC7BF08C00100E6525FFE4DC00100003C27C008C0', '', '', 'Rural', 2, 1, 67);
INSERT INTO public.territorio (id, altitude, cep, codigo, croqui, nome, poligono, sigla, status, zona, categoria_id, fonte_dado_id, territorio_pai_id) VALUES (67, '1', '69080360', '1', '', 'Bairro do Coroado', '0103000000010000002D0000000000986504FE4DC000000050B1C708C00000C08CF1FD4DC000000080CAC908C00000C0BC67FD4DC000000080C6DC08C00000C0CC48FD4DC0000000803FDC08C00000C06C6DFC4DC00000008091D508C00000C0DC94FB4DC00000008089CE08C00000C0ECC1FA4DC000000080F4CC08C00000C02CA0FA4DC000000080A2D308C00000C03C27FA4DC000000080ABCA08C00000C05C62F94DC0000000804CC008C00000C0EC86F94DC0000000800CB508C00000C04C62FA4DC00000008097A208C00000C07CE6FA4DC0000000801EA308C00000C0ACC4FB4DC000000080C1A508C00000C0CCE0FB4DC0000000805F9E08C00000C07CF4FB4DC000000080389808C00000C0EC56FC4DC000000080659808C00000C01C81FC4DC000000080709C08C00000C06C9AFC4DC0000000807BA008C00000C0FCEBFC4DC0000000803AA508C00000C0CC48FD4DC000000080E8AB08C00000C04C13FE4DC000000080A7B008C0010030BB34FE4DC0010000209CB208C0010030BF4EFE4DC00100006058B608C00000E6905DFE4DC00000000CC8B808C00000664A60FE4DC0000000EC05B908C0000066AF64FE4DC00000002CC5B908C00000664673FE4DC0000000CC13BC08C04F3B69AC8EFE4DC0DE975E1C60BD08C00000E66E8EFE4DC0000000745BBD08C00000E6F291FE4DC0000000EC6ABD08C00000667C97FE4DC000000064A7BD08C0000066A69AFE4DC00000008CF7BD08C0000066959CFE4DC0000000BC7BBE08C00000E6709BFE4DC000000024D7BE08C00000665D98FE4DC0000000741DBF08C00000E60E94FE4DC0000000E452BF08C00000984989FE4DC00000009079BF08C0000098FB7CFE4DC00000005014BF08C00000986978FE4DC00000001063BF08C00000982166FE4DC0000000D0DEBF08C00000982940FE4DC00000009095C108C00000985D2AFE4DC00000003030C308C00000988313FE4DC0000000F09AC508C00000986504FE4DC000000050B1C708C0', '', '', 'Urbana', 1, 2, NULL);
INSERT INTO public.territorio (id, altitude, cep, codigo, croqui, nome, poligono, sigla, status, zona, categoria_id, fonte_dado_id, territorio_pai_id) VALUES (71, '1', '69027630', '1', '', 'Quarteirão 1', '010300000001000000050000000000E66CA8044EC0000000BC80F508C00000669CAD044EC00000006CFCF608C00000E66294044EC00000002471F708C00000E6BF91044EC0000000BC34F608C00000E66CA8044EC0000000BC80F508C0', '', '', 'Urbana', 2, 1, 69);
INSERT INTO public.territorio (id, altitude, cep, codigo, croqui, nome, poligono, sigla, status, zona, categoria_id, fonte_dado_id, territorio_pai_id) VALUES (69, '1', '69027620', '1', '', 'Bairro da Glória', '01030000000100000012000000000030BB5B044EC00000006098EE08C0000030EB85044EC0000000A038F008C00000300BA2044EC0000000E08CF208C00000301BB0044EC0000000E0E3F508C0000030CFB0044EC00000006043F808C0000030BBB5044EC0000000E0C1F908C0000030FBC0044EC0000000A03DFA08C00000305FD5044EC0000000204E0009C0000030BFA2044EC0000000A0AD0209C0000030E37E044EC0000000203D0209C00000301F70044EC0000000A0150409C00000307349044EC000000020590409C0000030D730044EC000000020970209C0000030B741044EC0000000E0E8FF08C0000030731C044EC0000000E0FCFA08C0000030731C044EC0000000A0D5F808C0000030274A044EC0000000A051F508C0000030BB5B044EC00000006098EE08C0', '', '', 'Urbana', 1, 2, NULL);


INSERT INTO public.tipo_imovel (id, nome) VALUES (1, 'Residencial');
INSERT INTO public.tipo_imovel (id, nome) VALUES (3, 'Terreno Baldio');
INSERT INTO public.tipo_imovel (id, nome) VALUES (2, 'Comércio');



SELECT pg_catalog.setval('public.hibernate_sequence', 79, true);
